Site,Cultivar,Elevation(m),Radiation(Mj/m2day),Precipitation(mm),Tmax(ºC),Tmin(ºC),WHC(mm),C(%),pH,SowingDate(doy),AnthesisDate(doy),HarvestDate(doy),GrowingSeason(day),Predicted_kgDM/ha,Condition
Barcia,A400,25.0,18.501416249814817,223.8207729468599,22.07729468599034,15.097584541062801,90.0,1.8999999999999997,5.200000000000003,150.0,229.0,272.0,138,21296.57384130353,0
Barcia,G200,25.0,15.370876573953495,223.8207729468599,22.07729468599034,15.097584541062801,90.0,1.8999999999999997,5.200000000000003,150.0,229.0,272.0,108,14868.918205634629,-1
Barcia,A400,25.0,24.26392540398029,223.8207729468599,22.07729468599034,15.097584541062801,90.0,1.8999999999999997,5.200000000000003,150.0,229.0,272.0,141,21275.429035630452,1
Barcia,G400,25.0,16.48294360167494,223.8207729468599,22.07729468599034,15.097584541062801,90.0,1.8999999999999997,5.200000000000003,150.0,229.0,272.0,120,17000.742752205522,0
Barcia,A300,25.0,20.550219483580452,223.8207729468599,22.07729468599034,15.097584541062801,90.0,1.8999999999999997,5.200000000000003,150.0,229.0,272.0,141,20671.42769716936,1
Barcia,G300,25.0,13.809559453230102,223.8207729468599,22.07729468599034,15.097584541062801,90.0,1.8999999999999997,5.200000000000003,150.0,229.0,272.0,134,14871.190406112411,0
Barcia,A200,25.0,24.136171662871398,223.8207729468599,22.07729468599034,15.097584541062801,90.0,1.8999999999999997,5.200000000000003,150.0,229.0,272.0,148,19844.488472595152,1
Barcia,A400,25.0,18.66639041273697,223.8207729468599,22.07729468599034,15.097584541062801,90.0,1.8999999999999997,5.200000000000003,150.0,229.0,272.0,143,21133.09375565617,0
Barcia,A300,25.0,11.961908642021193,223.8207729468599,22.07729468599034,15.097584541062801,90.0,1.8999999999999997,5.200000000000003,150.0,229.0,272.0,100,11869.62442109255,-1
Barcia,A200,25.0,21.5269676842102,223.8207729468599,22.07729468599034,15.097584541062801,90.0,1.8999999999999997,5.200000000000003,150.0,229.0,272.0,139,19459.163070842205,1
Barcia,A400,25.0,17.53804721206034,223.8207729468599,22.07729468599034,15.097584541062801,90.0,1.8999999999999997,5.200000000000003,150.0,229.0,272.0,150,20725.29471362764,0
Barcia,A400,25.0,17.451801382378175,223.8207729468599,22.07729468599034,15.097584541062801,90.0,1.8999999999999997,5.200000000000003,150.0,229.0,272.0,94,14583.831962630107,-1
Barcia,A200,25.0,23.183276111241234,223.8207729468599,22.07729468599034,15.097584541062801,90.0,1.8999999999999997,5.200000000000003,150.0,229.0,272.0,99,16253.803966187279,0
Barcia,G300,25.0,12.740408007974047,223.8207729468599,22.07729468599034,15.097584541062801,90.0,1.8999999999999997,5.200000000000003,150.0,229.0,272.0,129,14007.879111566222,0
Barcia,A200,25.0,23.833300561307322,223.8207729468599,22.07729468599034,15.097584541062801,90.0,1.8999999999999997,5.200000000000003,150.0,229.0,272.0,135,20097.08625982806,1
Barcia,G400,25.0,12.535483430742257,223.8207729468599,22.07729468599034,15.097584541062801,90.0,1.8999999999999997,5.200000000000003,150.0,229.0,272.0,154,14485.299657274161,0
Barcia,A400,25.0,14.053705559887495,223.8207729468599,22.07729468599034,15.097584541062801,90.0,1.8999999999999997,5.200000000000003,150.0,229.0,272.0,119,14609.849260995758,0
Barcia,A400,25.0,12.995394624659976,223.8207729468599,22.07729468599034,15.097584541062801,90.0,1.8999999999999997,5.200000000000003,150.0,229.0,272.0,130,14821.369843914958,0
Barcia,G400,25.0,16.22272862083509,223.8207729468599,22.07729468599034,15.097584541062801,90.0,1.8999999999999997,5.200000000000003,150.0,229.0,272.0,90,13298.60703416792,-1
Barcia,A200,25.0,17.792966126202977,223.8207729468599,22.07729468599034,15.097584541062801,90.0,1.8999999999999997,5.200000000000003,150.0,229.0,272.0,130,17875.759650585784,0
Barcia,A200,25.0,14.755066705229645,223.8207729468599,22.07729468599034,15.097584541062801,90.0,1.8999999999999997,5.200000000000003,150.0,229.0,272.0,96,11372.67614435105,-1
Barcia,G200,25.0,20.457755821642657,223.8207729468599,22.07729468599034,15.097584541062801,90.0,1.8999999999999997,5.200000000000003,150.0,229.0,272.0,108,16927.737351668693,0
Barcia,A300,25.0,11.646903930012654,223.8207729468599,22.07729468599034,15.097584541062801,90.0,1.8999999999999997,5.200000000000003,150.0,229.0,272.0,108,12373.692397495712,-1
Barcia,A300,25.0,19.680975970535606,223.8207729468599,22.07729468599034,15.097584541062801,90.0,1.8999999999999997,5.200000000000003,150.0,229.0,272.0,90,15971.130918928897,0
Barcia,G400,25.0,11.4415656344835,223.8207729468599,22.07729468599034,15.097584541062801,90.0,1.8999999999999997,5.200000000000003,150.0,229.0,272.0,131,14272.704260332359,0
Barcia,A200,25.0,12.233673616864897,223.8207729468599,22.07729468599034,15.097584541062801,90.0,1.8999999999999997,5.200000000000003,150.0,229.0,272.0,144,14431.710296738103,0
Barcia,A200,25.0,19.484159623067363,223.8207729468599,22.07729468599034,15.097584541062801,90.0,1.8999999999999997,5.200000000000003,150.0,229.0,272.0,102,16194.10267976842,0
Barcia,G300,25.0,22.179065163784145,223.8207729468599,22.07729468599034,15.097584541062801,90.0,1.8999999999999997,5.200000000000003,150.0,229.0,272.0,134,20405.674164811215,1
Barcia,A300,25.0,22.172135489607204,223.8207729468599,22.07729468599034,15.097584541062801,90.0,1.8999999999999997,5.200000000000003,150.0,229.0,272.0,120,20312.139547833947,1
Barcia,A200,25.0,22.093768805950837,223.8207729468599,22.07729468599034,15.097584541062801,90.0,1.8999999999999997,5.200000000000003,150.0,229.0,272.0,119,18949.751196530713,1
Deza,G200,400.0,18.39097911062671,128.71690821256038,24.987439613526572,10.318357487922707,112.0,4.3,7.099999999999999,150.0,225.0,259.0,114,17256.075624624886,-1
Deza,G300,400.0,20.220440435588657,128.71690821256038,24.987439613526572,10.318357487922707,112.0,4.3,7.099999999999999,150.0,225.0,259.0,93,16159.638266032369,0
Deza,G300,400.0,12.414509933844586,128.71690821256038,24.987439613526572,10.318357487922707,112.0,4.3,7.099999999999999,150.0,225.0,259.0,123,15436.228155662906,0
Deza,A300,400.0,23.532785693004026,128.71690821256038,24.987439613526572,10.318357487922707,112.0,4.3,7.099999999999999,150.0,225.0,259.0,97,18361.651163134487,0
Deza,G300,400.0,24.30719400460513,128.71690821256038,24.987439613526572,10.318357487922707,112.0,4.3,7.099999999999999,150.0,225.0,259.0,119,22217.812927289247,1
Deza,A200,400.0,15.869530912856892,128.71690821256038,24.987439613526572,10.318357487922707,112.0,4.3,7.099999999999999,150.0,225.0,259.0,100,14384.937487747255,-1
Deza,G400,400.0,17.880986985892918,128.71690821256038,24.987439613526572,10.318357487922707,112.0,4.3,7.099999999999999,150.0,225.0,259.0,137,20651.316584395838,0
Deza,G400,400.0,13.301515594728485,128.71690821256038,24.987439613526572,10.318357487922707,112.0,4.3,7.099999999999999,150.0,225.0,259.0,106,13173.968205231055,-1
Deza,A300,400.0,23.56382801378343,128.71690821256038,24.987439613526572,10.318357487922707,112.0,4.3,7.099999999999999,150.0,225.0,259.0,88,16432.771681755985,0
Deza,A200,400.0,13.632680954063183,128.71690821256038,24.987439613526572,10.318357487922707,112.0,4.3,7.099999999999999,150.0,225.0,259.0,139,14696.44446821688,0
Deza,A400,400.0,13.097628345763258,128.71690821256038,24.987439613526572,10.318357487922707,112.0,4.3,7.099999999999999,150.0,225.0,259.0,103,12051.687413267502,-1
Deza,G400,400.0,11.913343247955543,128.71690821256038,24.987439613526572,10.318357487922707,112.0,4.3,7.099999999999999,150.0,225.0,259.0,148,14852.529422187463,0
Deza,A200,400.0,13.393593122352883,128.71690821256038,24.987439613526572,10.318357487922707,112.0,4.3,7.099999999999999,150.0,225.0,259.0,113,12747.333293438776,-1
Deza,G300,400.0,21.1557044710055,128.71690821256038,24.987439613526572,10.318357487922707,112.0,4.3,7.099999999999999,150.0,225.0,259.0,141,20289.135519985975,1
Deza,G400,400.0,22.092820665366098,128.71690821256038,24.987439613526572,10.318357487922707,112.0,4.3,7.099999999999999,150.0,225.0,259.0,124,21373.830210670803,1
Deza,G400,400.0,13.899864155482206,128.71690821256038,24.987439613526572,10.318357487922707,112.0,4.3,7.099999999999999,150.0,225.0,259.0,95,11557.90281472492,-1
Deza,G200,400.0,22.85875808022216,128.71690821256038,24.987439613526572,10.318357487922707,112.0,4.3,7.099999999999999,150.0,225.0,259.0,130,21173.469998858684,1
Deza,A200,400.0,20.69687140918667,128.71690821256038,24.987439613526572,10.318357487922707,112.0,4.3,7.099999999999999,150.0,225.0,259.0,131,20276.847300850757,1
Deza,G300,400.0,12.082280791220056,128.71690821256038,24.987439613526572,10.318357487922707,112.0,4.3,7.099999999999999,150.0,225.0,259.0,135,15098.573475138748,0
Deza,G400,400.0,15.761951125845258,128.71690821256038,24.987439613526572,10.318357487922707,112.0,4.3,7.099999999999999,150.0,225.0,259.0,113,16802.55271268864,-1
Deza,G400,400.0,24.317374707426815,128.71690821256038,24.987439613526572,10.318357487922707,112.0,4.3,7.099999999999999,150.0,225.0,259.0,120,22217.812927289247,1
Deza,A200,400.0,20.287500106151374,128.71690821256038,24.987439613526572,10.318357487922707,112.0,4.3,7.099999999999999,150.0,225.0,259.0,88,14082.006554726484,0
Deza,A400,400.0,16.149627921092595,128.71690821256038,24.987439613526572,10.318357487922707,112.0,4.3,7.099999999999999,150.0,225.0,259.0,121,18494.930637138004,0
Deza,A400,400.0,22.567934915190868,128.71690821256038,24.987439613526572,10.318357487922707,112.0,4.3,7.099999999999999,150.0,225.0,259.0,133,21558.850612593822,1
Deza,A400,400.0,12.176181504068623,128.71690821256038,24.987439613526572,10.318357487922707,112.0,4.3,7.099999999999999,150.0,225.0,259.0,138,15159.281763330453,0
Deza,G300,400.0,12.570507069040996,128.71690821256038,24.987439613526572,10.318357487922707,112.0,4.3,7.099999999999999,150.0,225.0,259.0,86,10602.807606127746,-1
Deza,G200,400.0,18.135299408376945,128.71690821256038,24.987439613526572,10.318357487922707,112.0,4.3,7.099999999999999,150.0,225.0,259.0,115,17227.644705746006,0
Deza,A300,400.0,13.067559183755918,128.71690821256038,24.987439613526572,10.318357487922707,112.0,4.3,7.099999999999999,150.0,225.0,259.0,137,15174.568114609907,0
Deza,G300,400.0,15.25219296349897,128.71690821256038,24.987439613526572,10.318357487922707,112.0,4.3,7.099999999999999,150.0,225.0,259.0,89,13147.86889321642,-1
Deza,A400,400.0,21.393677268427165,128.71690821256038,24.987439613526572,10.318357487922707,112.0,4.3,7.099999999999999,150.0,225.0,259.0,149,20053.74458301002,1
Grado,A300,50.0,16.90540082605714,199.23043478260868,24.648309178743958,14.167632850241546,72.0,1.0,6.200000000000003,150.0,223.0,272.0,105,16776.47566234662,-1
Grado,A300,50.0,22.343306496811568,199.23043478260868,24.648309178743958,14.167632850241546,72.0,1.0,6.200000000000003,150.0,223.0,272.0,113,20401.578658853803,0
Grado,A400,50.0,18.529880503080214,199.23043478260868,24.648309178743958,14.167632850241546,72.0,1.0,6.200000000000003,150.0,223.0,272.0,150,21345.92448386074,0
Grado,A200,50.0,22.839706905264176,199.23043478260868,24.648309178743958,14.167632850241546,72.0,1.0,6.200000000000003,150.0,223.0,272.0,118,20730.501963346895,1
Grado,G200,50.0,14.391429082479934,199.23043478260868,24.648309178743958,14.167632850241546,72.0,1.0,6.200000000000003,150.0,223.0,272.0,96,12313.086900280097,-1
Grado,A300,50.0,17.72570618694254,199.23043478260868,24.648309178743958,14.167632850241546,72.0,1.0,6.200000000000003,150.0,223.0,272.0,99,17069.898801892865,-1
Grado,G200,50.0,18.491393458747453,199.23043478260868,24.648309178743958,14.167632850241546,72.0,1.0,6.200000000000003,150.0,223.0,272.0,140,20675.211429245723,0
Grado,A300,50.0,13.225300708239475,199.23043478260868,24.648309178743958,14.167632850241546,72.0,1.0,6.200000000000003,150.0,223.0,272.0,153,15450.570427045857,0
Grado,A300,50.0,11.992252917327765,199.23043478260868,24.648309178743958,14.167632850241546,72.0,1.0,6.200000000000003,150.0,223.0,272.0,102,12876.750204582924,-1
Grado,G400,50.0,21.14872657348488,199.23043478260868,24.648309178743958,14.167632850241546,72.0,1.0,6.200000000000003,150.0,223.0,272.0,120,20028.769682455822,1
Grado,G300,50.0,18.612777037317144,199.23043478260868,24.648309178743958,14.167632850241546,72.0,1.0,6.200000000000003,150.0,223.0,272.0,137,21372.748537290932,0
Grado,G300,50.0,24.036182393069588,199.23043478260868,24.648309178743958,14.167632850241546,72.0,1.0,6.200000000000003,150.0,223.0,272.0,111,20754.62918150976,0
Grado,A300,50.0,18.9739133921073,199.23043478260868,24.648309178743958,14.167632850241546,72.0,1.0,6.200000000000003,150.0,223.0,272.0,151,20978.58715385493,0
Grado,G300,50.0,13.427271460174623,199.23043478260868,24.648309178743958,14.167632850241546,72.0,1.0,6.200000000000003,150.0,223.0,272.0,99,12352.824103162113,-1
Grado,A300,50.0,22.799485082190888,199.23043478260868,24.648309178743958,14.167632850241546,72.0,1.0,6.200000000000003,150.0,223.0,272.0,106,20609.883985868073,0
Grado,A400,50.0,16.609394814470953,199.23043478260868,24.648309178743958,14.167632850241546,72.0,1.0,6.200000000000003,150.0,223.0,272.0,91,16137.63507411878,-1
Grado,G400,50.0,23.96036803403031,199.23043478260868,24.648309178743958,14.167632850241546,72.0,1.0,6.200000000000003,150.0,223.0,272.0,90,19348.508312520735,0
Grado,A400,50.0,19.244016952543802,199.23043478260868,24.648309178743958,14.167632850241546,72.0,1.0,6.200000000000003,150.0,223.0,272.0,102,18941.096819400656,0
Grado,A400,50.0,21.176659435287824,199.23043478260868,24.648309178743958,14.167632850241546,72.0,1.0,6.200000000000003,150.0,223.0,272.0,104,19265.50038298141,0
Grado,A200,50.0,21.858377774343985,199.23043478260868,24.648309178743958,14.167632850241546,72.0,1.0,6.200000000000003,150.0,223.0,272.0,125,20039.934794252757,1
Grado,A400,50.0,20.107583503469215,199.23043478260868,24.648309178743958,14.167632850241546,72.0,1.0,6.200000000000003,150.0,223.0,272.0,99,17881.49411402712,0
Grado,A200,50.0,20.424892025502718,199.23043478260868,24.648309178743958,14.167632850241546,72.0,1.0,6.200000000000003,150.0,223.0,272.0,133,19524.87424949799,1
Grado,A400,50.0,16.979935274997644,199.23043478260868,24.648309178743958,14.167632850241546,72.0,1.0,6.200000000000003,150.0,223.0,272.0,138,20757.50583986701,0
Grado,A200,50.0,13.408455937305293,199.23043478260868,24.648309178743958,14.167632850241546,72.0,1.0,6.200000000000003,150.0,223.0,272.0,92,11800.4376971649,-1
Grado,G300,50.0,19.58061301185139,199.23043478260868,24.648309178743958,14.167632850241546,72.0,1.0,6.200000000000003,150.0,223.0,272.0,112,19427.842589271022,0
Grado,G400,50.0,15.508931843506604,199.23043478260868,24.648309178743958,14.167632850241546,72.0,1.0,6.200000000000003,150.0,223.0,272.0,93,15549.569234872673,-1
Grado,G300,50.0,12.83718458329629,199.23043478260868,24.648309178743958,14.167632850241546,72.0,1.0,6.200000000000003,150.0,223.0,272.0,121,15031.126320051002,0
Grado,A400,50.0,18.63637951420577,199.23043478260868,24.648309178743958,14.167632850241546,72.0,1.0,6.200000000000003,150.0,223.0,272.0,112,19556.520514372434,-1
Grado,G300,50.0,17.646647896404655,199.23043478260868,24.648309178743958,14.167632850241546,72.0,1.0,6.200000000000003,150.0,223.0,272.0,151,21179.660362369264,0
Grado,A400,50.0,13.184293286515464,199.23043478260868,24.648309178743958,14.167632850241546,72.0,1.0,6.200000000000003,150.0,223.0,272.0,122,15415.885285724496,0
Ordes,A300,300.0,15.80731594032499,164.48985507246377,23.847826086956523,13.695652173913043,110.0,4.600000000000001,6.200000000000003,150.0,221.0,259.0,112,17424.18915506318,-1
Ordes,A300,300.0,15.127310460838942,164.48985507246377,23.847826086956523,13.695652173913043,110.0,4.600000000000001,6.200000000000003,150.0,221.0,259.0,107,16966.73754901659,-1
Ordes,G300,300.0,13.414179828756614,164.48985507246377,23.847826086956523,13.695652173913043,110.0,4.600000000000001,6.200000000000003,150.0,221.0,259.0,86,10578.847972886892,-1
Ordes,A300,300.0,13.49717903419209,164.48985507246377,23.847826086956523,13.695652173913043,110.0,4.600000000000001,6.200000000000003,150.0,221.0,259.0,147,15425.74424738423,0
Ordes,A300,300.0,20.007545770829573,164.48985507246377,23.847826086956523,13.695652173913043,110.0,4.600000000000001,6.200000000000003,150.0,221.0,259.0,89,14751.764044200201,0
Ordes,A200,300.0,11.555117011964816,164.48985507246377,23.847826086956523,13.695652173913043,110.0,4.600000000000001,6.200000000000003,150.0,221.0,259.0,123,15047.78508596167,0
Ordes,A200,300.0,21.290542311443133,164.48985507246377,23.847826086956523,13.695652173913043,110.0,4.600000000000001,6.200000000000003,150.0,221.0,259.0,119,20459.646710554385,1
Ordes,A300,300.0,23.406957617665945,164.48985507246377,23.847826086956523,13.695652173913043,110.0,4.600000000000001,6.200000000000003,150.0,221.0,259.0,116,22293.19899926561,1
Ordes,G300,300.0,23.357780465539843,164.48985507246377,23.847826086956523,13.695652173913043,110.0,4.600000000000001,6.200000000000003,150.0,221.0,259.0,93,18475.106312227686,0
Ordes,A200,300.0,22.432856037352074,164.48985507246377,23.847826086956523,13.695652173913043,110.0,4.600000000000001,6.200000000000003,150.0,221.0,259.0,106,20190.11867207466,0
Ordes,G400,300.0,17.759551650032673,164.48985507246377,23.847826086956523,13.695652173913043,110.0,4.600000000000001,6.200000000000003,150.0,221.0,259.0,144,21182.23827176309,0
Ordes,A300,300.0,23.536242973361496,164.48985507246377,23.847826086956523,13.695652173913043,110.0,4.600000000000001,6.200000000000003,150.0,221.0,259.0,88,16268.334826998942,0
Ordes,A400,300.0,24.05033126488841,164.48985507246377,23.847826086956523,13.695652173913043,110.0,4.600000000000001,6.200000000000003,150.0,221.0,259.0,93,18477.809828696143,0
Ordes,A400,300.0,12.849503476198729,164.48985507246377,23.847826086956523,13.695652173913043,110.0,4.600000000000001,6.200000000000003,150.0,221.0,259.0,126,15340.854169493157,0
Ordes,G300,300.0,20.725287580781654,164.48985507246377,23.847826086956523,13.695652173913043,110.0,4.600000000000001,6.200000000000003,150.0,221.0,259.0,101,18667.617716835386,0
Ordes,A300,300.0,18.673426454819836,164.48985507246377,23.847826086956523,13.695652173913043,110.0,4.600000000000001,6.200000000000003,150.0,221.0,259.0,101,17145.585795372655,-1
Ordes,G300,300.0,16.44537533898588,164.48985507246377,23.847826086956523,13.695652173913043,110.0,4.600000000000001,6.200000000000003,150.0,221.0,259.0,137,19468.997068122164,0
Ordes,G400,300.0,18.4807464712802,164.48985507246377,23.847826086956523,13.695652173913043,110.0,4.600000000000001,6.200000000000003,150.0,221.0,259.0,112,18660.930517699,-1
Ordes,G300,300.0,23.793609194965725,164.48985507246377,23.847826086956523,13.695652173913043,110.0,4.600000000000001,6.200000000000003,150.0,221.0,259.0,92,18475.106312227686,0
Ordes,A300,300.0,18.271079622266377,164.48985507246377,23.847826086956523,13.695652173913043,110.0,4.600000000000001,6.200000000000003,150.0,221.0,259.0,116,20060.818017047055,0
Ordes,G400,300.0,12.017681267899633,164.48985507246377,23.847826086956523,13.695652173913043,110.0,4.600000000000001,6.200000000000003,150.0,221.0,259.0,108,13599.478608584353,-1
Ordes,A200,300.0,11.754419636401535,164.48985507246377,23.847826086956523,13.695652173913043,110.0,4.600000000000001,6.200000000000003,150.0,221.0,259.0,125,15047.78508596167,0
Ordes,G200,300.0,15.500741719342965,164.48985507246377,23.847826086956523,13.695652173913043,110.0,4.600000000000001,6.200000000000003,150.0,221.0,259.0,146,17611.446279278225,0
Ordes,G200,300.0,19.400140179002946,164.48985507246377,23.847826086956523,13.695652173913043,110.0,4.600000000000001,6.200000000000003,150.0,221.0,259.0,133,20569.07066686546,1
Ordes,A400,300.0,13.074534041724323,164.48985507246377,23.847826086956523,13.695652173913043,110.0,4.600000000000001,6.200000000000003,150.0,221.0,259.0,143,15586.428419602487,0
Ordes,G400,300.0,14.67490701409072,164.48985507246377,23.847826086956523,13.695652173913043,110.0,4.600000000000001,6.200000000000003,150.0,221.0,259.0,114,15843.267220963085,-1
Ordes,A300,300.0,20.935651097124364,164.48985507246377,23.847826086956523,13.695652173913043,110.0,4.600000000000001,6.200000000000003,150.0,221.0,259.0,153,20964.894165389916,1
Ordes,G400,300.0,13.533140611696659,164.48985507246377,23.847826086956523,13.695652173913043,110.0,4.600000000000001,6.200000000000003,150.0,221.0,259.0,152,15404.842152175452,0
Ordes,G400,300.0,19.096453317386267,164.48985507246377,23.847826086956523,13.695652173913043,110.0,4.600000000000001,6.200000000000003,150.0,221.0,259.0,104,17847.85184307858,-1
Ordes,G300,300.0,17.06230701088095,164.48985507246377,23.847826086956523,13.695652173913043,110.0,4.600000000000001,6.200000000000003,150.0,221.0,259.0,125,19470.712175554425,0
Ribadeo,G400,43.0,16.629981954957902,165.56521739130434,21.613043478260874,14.944444444444445,110.0,3.1999999999999993,5.899999999999999,150.0,224.0,259.0,83,12427.086837960616,-1
Ribadeo,A400,43.0,14.232493793332383,165.56521739130434,21.613043478260874,14.944444444444445,110.0,3.1999999999999993,5.899999999999999,150.0,224.0,259.0,105,11955.028448378063,-1
Ribadeo,G200,43.0,19.34930780823636,165.56521739130434,21.613043478260874,14.944444444444445,110.0,3.1999999999999993,5.899999999999999,150.0,224.0,259.0,90,13923.641802160591,0
Ribadeo,A200,43.0,22.722488504862376,165.56521739130434,21.613043478260874,14.944444444444445,110.0,3.1999999999999993,5.899999999999999,150.0,224.0,259.0,126,18232.147414140192,1
Ribadeo,A300,43.0,22.18421923571722,165.56521739130434,21.613043478260874,14.944444444444445,110.0,3.1999999999999993,5.899999999999999,150.0,224.0,259.0,136,20774.28575136966,1
Ribadeo,A300,43.0,18.120213596488306,165.56521739130434,21.613043478260874,14.944444444444445,110.0,3.1999999999999993,5.899999999999999,150.0,224.0,259.0,122,17922.16924546379,0
Ribadeo,G300,43.0,17.638016000834767,165.56521739130434,21.613043478260874,14.944444444444445,110.0,3.1999999999999993,5.899999999999999,150.0,224.0,259.0,104,14738.000235720481,-1
Ribadeo,A300,43.0,17.05487958329354,165.56521739130434,21.613043478260874,14.944444444444445,110.0,3.1999999999999993,5.899999999999999,150.0,224.0,259.0,113,15824.733375123249,-1
Ribadeo,A200,43.0,17.132941653447,165.56521739130434,21.613043478260874,14.944444444444445,110.0,3.1999999999999993,5.899999999999999,150.0,224.0,259.0,138,18473.35538639307,0
Ribadeo,G300,43.0,21.285156189522517,165.56521739130434,21.613043478260874,14.944444444444445,110.0,3.1999999999999993,5.899999999999999,150.0,224.0,259.0,142,19915.71351715718,1
Ribadeo,A400,43.0,13.480875467557087,165.56521739130434,21.613043478260874,14.944444444444445,110.0,3.1999999999999993,5.899999999999999,150.0,224.0,259.0,115,11194.238704546839,0
Ribadeo,G200,43.0,23.7148692990078,165.56521739130434,21.613043478260874,14.944444444444445,110.0,3.1999999999999993,5.899999999999999,150.0,224.0,259.0,144,19958.64599678387,1
Ribadeo,G400,43.0,13.595714708118466,165.56521739130434,21.613043478260874,14.944444444444445,110.0,3.1999999999999993,5.899999999999999,150.0,224.0,259.0,154,13570.599008359566,0
Ribadeo,G200,43.0,15.784872584830037,165.56521739130434,21.613043478260874,14.944444444444445,110.0,3.1999999999999993,5.899999999999999,150.0,224.0,259.0,149,16642.102877721416,0
Ribadeo,A200,43.0,16.829024283383664,165.56521739130434,21.613043478260874,14.944444444444445,110.0,3.1999999999999993,5.899999999999999,150.0,224.0,259.0,141,18402.416176252693,0
Ribadeo,A200,43.0,13.426148612255453,165.56521739130434,21.613043478260874,14.944444444444445,110.0,3.1999999999999993,5.899999999999999,150.0,224.0,259.0,119,11958.259548810162,0
Ribadeo,A300,43.0,15.097428570453072,165.56521739130434,21.613043478260874,14.944444444444445,110.0,3.1999999999999993,5.899999999999999,150.0,224.0,259.0,117,15440.18182152731,0
Ribadeo,A300,43.0,20.20064304324763,165.56521739130434,21.613043478260874,14.944444444444445,110.0,3.1999999999999993,5.899999999999999,150.0,224.0,259.0,109,17285.488276748907,0
Ribadeo,G200,43.0,14.22413564628346,165.56521739130434,21.613043478260874,14.944444444444445,110.0,3.1999999999999993,5.899999999999999,150.0,224.0,259.0,141,14557.447098215162,0
Ribadeo,G300,43.0,22.34433341522739,165.56521739130434,21.613043478260874,14.944444444444445,110.0,3.1999999999999993,5.899999999999999,150.0,224.0,259.0,125,18690.838500796475,1
Ribadeo,A400,43.0,16.034486261431553,165.56521739130434,21.613043478260874,14.944444444444445,110.0,3.1999999999999993,5.899999999999999,150.0,224.0,259.0,150,17675.591578943524,0
Ribadeo,G300,43.0,16.014696862449657,165.56521739130434,21.613043478260874,14.944444444444445,110.0,3.1999999999999993,5.899999999999999,150.0,224.0,259.0,100,14196.527508440036,-1
Ribadeo,A200,43.0,15.240058422042697,165.56521739130434,21.613043478260874,14.944444444444445,110.0,3.1999999999999993,5.899999999999999,150.0,224.0,259.0,151,16139.152121038305,0
Ribadeo,G300,43.0,19.270501407889736,165.56521739130434,21.613043478260874,14.944444444444445,110.0,3.1999999999999993,5.899999999999999,150.0,224.0,259.0,106,16721.632059228414,0
Ribadeo,G400,43.0,11.502584309412784,165.56521739130434,21.613043478260874,14.944444444444445,110.0,3.1999999999999993,5.899999999999999,150.0,224.0,259.0,124,12079.448436981778,0
Ribadeo,A400,43.0,18.159523702212805,165.56521739130434,21.613043478260874,14.944444444444445,110.0,3.1999999999999993,5.899999999999999,150.0,224.0,259.0,119,18109.135813135803,0
Ribadeo,A300,43.0,14.71046434075933,165.56521739130434,21.613043478260874,14.944444444444445,110.0,3.1999999999999993,5.899999999999999,150.0,224.0,259.0,99,12188.89215021594,-1
Ribadeo,A200,43.0,17.297101955613698,165.56521739130434,21.613043478260874,14.944444444444445,110.0,3.1999999999999993,5.899999999999999,150.0,224.0,259.0,139,18506.1243606202,0
Ribadeo,A200,43.0,12.007571018884006,165.56521739130434,21.613043478260874,14.944444444444445,110.0,3.1999999999999993,5.899999999999999,150.0,224.0,259.0,103,9911.580966212254,-1
Ribadeo,A300,43.0,17.289044903982425,165.56521739130434,21.613043478260874,14.944444444444445,110.0,3.1999999999999993,5.899999999999999,150.0,224.0,259.0,109,15804.874654350806,-1
Sarria,G300,520.0,13.670951886957084,122.54251207729466,26.7719806763285,11.728985507246374,88.0,2.5,6.100000000000001,150.0,218.0,259.0,105,12395.685664071732,-1
Sarria,A200,520.0,16.02193307283097,122.54251207729466,26.7719806763285,11.728985507246374,88.0,2.5,6.100000000000001,150.0,218.0,259.0,150,16828.98743017765,0
Sarria,A400,520.0,21.819869819218162,122.54251207729466,26.7719806763285,11.728985507246374,88.0,2.5,6.100000000000001,150.0,218.0,259.0,107,19601.103506049476,0
Sarria,G400,520.0,20.42496180926974,122.54251207729466,26.7719806763285,11.728985507246374,88.0,2.5,6.100000000000001,150.0,218.0,259.0,118,19651.630515455672,1
Sarria,G200,520.0,22.153883345465992,122.54251207729466,26.7719806763285,11.728985507246374,88.0,2.5,6.100000000000001,150.0,218.0,259.0,136,19367.68967034551,1
Sarria,G400,520.0,15.370746930654063,122.54251207729466,26.7719806763285,11.728985507246374,88.0,2.5,6.100000000000001,150.0,218.0,259.0,140,17567.77293517138,0
Sarria,G200,520.0,23.48518912840474,122.54251207729466,26.7719806763285,11.728985507246374,88.0,2.5,6.100000000000001,150.0,218.0,259.0,107,19686.872474246295,0
Sarria,A300,520.0,17.155272519387086,122.54251207729466,26.7719806763285,11.728985507246374,88.0,2.5,6.100000000000001,150.0,218.0,259.0,129,18346.20247199146,0
Sarria,A400,520.0,20.864512825558407,122.54251207729466,26.7719806763285,11.728985507246374,88.0,2.5,6.100000000000001,150.0,218.0,259.0,86,16095.121499071736,0
Sarria,G400,520.0,16.074590466514152,122.54251207729466,26.7719806763285,11.728985507246374,88.0,2.5,6.100000000000001,150.0,218.0,259.0,147,17270.38330381156,0
Sarria,G300,520.0,14.67025286613752,122.54251207729466,26.7719806763285,11.728985507246374,88.0,2.5,6.100000000000001,150.0,218.0,259.0,137,16867.032207720127,0
Sarria,A300,520.0,17.93027998798032,122.54251207729466,26.7719806763285,11.728985507246374,88.0,2.5,6.100000000000001,150.0,218.0,259.0,135,20584.210861303676,0
Sarria,A300,520.0,12.959399930846104,122.54251207729466,26.7719806763285,11.728985507246374,88.0,2.5,6.100000000000001,150.0,218.0,259.0,139,14685.76270820771,0
Sarria,G400,520.0,13.203807938695268,122.54251207729466,26.7719806763285,11.728985507246374,88.0,2.5,6.100000000000001,150.0,218.0,259.0,106,12832.609361875964,-1
Sarria,G400,520.0,17.958382761084724,122.54251207729466,26.7719806763285,11.728985507246374,88.0,2.5,6.100000000000001,150.0,218.0,259.0,131,19604.62006324167,0
Sarria,G200,520.0,13.031668849177745,122.54251207729466,26.7719806763285,11.728985507246374,88.0,2.5,6.100000000000001,150.0,218.0,259.0,137,14217.382693619957,0
Sarria,G300,520.0,14.944193636602849,122.54251207729466,26.7719806763285,11.728985507246374,88.0,2.5,6.100000000000001,150.0,218.0,259.0,86,12438.614758866108,-1
Sarria,G300,520.0,14.922161430868721,122.54251207729466,26.7719806763285,11.728985507246374,88.0,2.5,6.100000000000001,150.0,218.0,259.0,146,16541.622178776426,0
Sarria,A200,520.0,19.063099387234207,122.54251207729466,26.7719806763285,11.728985507246374,88.0,2.5,6.100000000000001,150.0,218.0,259.0,126,19275.839503243962,0
Sarria,A400,520.0,19.811242401572237,122.54251207729466,26.7719806763285,11.728985507246374,88.0,2.5,6.100000000000001,150.0,218.0,259.0,118,19845.897314641992,1
Sarria,G300,520.0,23.33876245782272,122.54251207729466,26.7719806763285,11.728985507246374,88.0,2.5,6.100000000000001,150.0,218.0,259.0,113,19993.911406771214,0
Sarria,A200,520.0,11.826061016657306,122.54251207729466,26.7719806763285,11.728985507246374,88.0,2.5,6.100000000000001,150.0,218.0,259.0,134,14389.566973365363,0
Sarria,A200,520.0,21.13013425534124,122.54251207729466,26.7719806763285,11.728985507246374,88.0,2.5,6.100000000000001,150.0,218.0,259.0,114,18683.71455140833,0
Sarria,G300,520.0,20.263911254023068,122.54251207729466,26.7719806763285,11.728985507246374,88.0,2.5,6.100000000000001,150.0,218.0,259.0,148,19697.176812419006,1
Sarria,G200,520.0,18.219784035615298,122.54251207729466,26.7719806763285,11.728985507246374,88.0,2.5,6.100000000000001,150.0,218.0,259.0,154,19324.928260933873,0
Sarria,G300,520.0,17.210046318500765,122.54251207729466,26.7719806763285,11.728985507246374,88.0,2.5,6.100000000000001,150.0,218.0,259.0,107,17029.260047947842,-1
Sarria,A200,520.0,22.99707664238719,122.54251207729466,26.7719806763285,11.728985507246374,88.0,2.5,6.100000000000001,150.0,218.0,259.0,153,19796.630555145504,1
Sarria,A200,520.0,21.793124432248316,122.54251207729466,26.7719806763285,11.728985507246374,88.0,2.5,6.100000000000001,150.0,218.0,259.0,128,19543.6046776351,1
Sarria,A200,520.0,18.723111656162814,122.54251207729466,26.7719806763285,11.728985507246374,88.0,2.5,6.100000000000001,150.0,218.0,259.0,91,16154.976290249859,-1
Sarria,A200,520.0,11.478528799949656,122.54251207729466,26.7719806763285,11.728985507246374,88.0,2.5,6.100000000000001,150.0,218.0,259.0,122,14166.567028626869,0
Villaviciosa,G200,10.0,23.322960385502434,199.79951690821255,22.11642512077295,16.52705314009662,96.0,2.1999999999999993,6.0,150.0,225.0,272.0,144,22539.41225192082,1
Villaviciosa,A200,10.0,19.684431197027795,199.79951690821255,22.11642512077295,16.52705314009662,96.0,2.1999999999999993,6.0,150.0,225.0,272.0,149,21718.06157694783,1
Villaviciosa,G200,10.0,22.394000289856343,199.79951690821255,22.11642512077295,16.52705314009662,96.0,2.1999999999999993,6.0,150.0,225.0,272.0,89,15058.866278652362,0
Villaviciosa,G200,10.0,14.031930340869437,199.79951690821255,22.11642512077295,16.52705314009662,96.0,2.1999999999999993,6.0,150.0,225.0,272.0,101,11335.691901138804,-1
Villaviciosa,G200,10.0,23.13557512405786,199.79951690821255,22.11642512077295,16.52705314009662,96.0,2.1999999999999993,6.0,150.0,225.0,272.0,93,17299.833922411603,0
Villaviciosa,G200,10.0,15.942405861350693,199.79951690821255,22.11642512077295,16.52705314009662,96.0,2.1999999999999993,6.0,150.0,225.0,272.0,97,13325.485252758659,-1
Villaviciosa,A300,10.0,15.832722847331913,199.79951690821255,22.11642512077295,16.52705314009662,96.0,2.1999999999999993,6.0,150.0,225.0,272.0,99,14787.056734494148,-1
Villaviciosa,G300,10.0,21.001568185174694,199.79951690821255,22.11642512077295,16.52705314009662,96.0,2.1999999999999993,6.0,150.0,225.0,272.0,109,19235.300443727763,0
Villaviciosa,G400,10.0,12.944919086040256,199.79951690821255,22.11642512077295,16.52705314009662,96.0,2.1999999999999993,6.0,150.0,225.0,272.0,149,15811.635940550872,0
Villaviciosa,A200,10.0,22.954327931725537,199.79951690821255,22.11642512077295,16.52705314009662,96.0,2.1999999999999993,6.0,150.0,225.0,272.0,102,18528.543583985473,0
Villaviciosa,A300,10.0,12.26516515713277,199.79951690821255,22.11642512077295,16.52705314009662,96.0,2.1999999999999993,6.0,150.0,225.0,272.0,154,16495.012006603472,0
Villaviciosa,A200,10.0,13.606940317597747,199.79951690821255,22.11642512077295,16.52705314009662,96.0,2.1999999999999993,6.0,150.0,225.0,272.0,89,9691.813319491152,-1
Villaviciosa,G200,10.0,16.859031853384504,199.79951690821255,22.11642512077295,16.52705314009662,96.0,2.1999999999999993,6.0,150.0,225.0,272.0,87,12353.272032252242,-1
Villaviciosa,A300,10.0,24.012219401835424,199.79951690821255,22.11642512077295,16.52705314009662,96.0,2.1999999999999993,6.0,150.0,225.0,272.0,117,22003.629832155544,1
Villaviciosa,G200,10.0,20.306562329430015,199.79951690821255,22.11642512077295,16.52705314009662,96.0,2.1999999999999993,6.0,150.0,225.0,272.0,121,19611.903054241233,1
Villaviciosa,A300,10.0,11.86982695363683,199.79951690821255,22.11642512077295,16.52705314009662,96.0,2.1999999999999993,6.0,150.0,225.0,272.0,150,16495.012006603472,0
Villaviciosa,A300,10.0,14.308313339717532,199.79951690821255,22.11642512077295,16.52705314009662,96.0,2.1999999999999993,6.0,150.0,225.0,272.0,129,16102.89409884134,0
Villaviciosa,A400,10.0,21.2385252362059,199.79951690821255,22.11642512077295,16.52705314009662,96.0,2.1999999999999993,6.0,150.0,225.0,272.0,87,16180.503595597453,0
Villaviciosa,G400,10.0,15.143393908972074,199.79951690821255,22.11642512077295,16.52705314009662,96.0,2.1999999999999993,6.0,150.0,225.0,272.0,150,18226.538075090724,0
Villaviciosa,A300,10.0,17.71209008384311,199.79951690821255,22.11642512077295,16.52705314009662,96.0,2.1999999999999993,6.0,150.0,225.0,272.0,120,20189.534359603345,0
Villaviciosa,A200,10.0,21.337751058766713,199.79951690821255,22.11642512077295,16.52705314009662,96.0,2.1999999999999993,6.0,150.0,225.0,272.0,136,22288.200204821012,1
Villaviciosa,A300,10.0,13.430540105635608,199.79951690821255,22.11642512077295,16.52705314009662,96.0,2.1999999999999993,6.0,150.0,225.0,272.0,120,15141.574901429718,0
Villaviciosa,G400,10.0,14.104485726047375,199.79951690821255,22.11642512077295,16.52705314009662,96.0,2.1999999999999993,6.0,150.0,225.0,272.0,153,15811.635940550872,0
Villaviciosa,G200,10.0,14.033695867855563,199.79951690821255,22.11642512077295,16.52705314009662,96.0,2.1999999999999993,6.0,150.0,225.0,272.0,131,14681.233280125602,0
Villaviciosa,A400,10.0,12.580154661827219,199.79951690821255,22.11642512077295,16.52705314009662,96.0,2.1999999999999993,6.0,150.0,225.0,272.0,104,12581.174826134624,-1
Villaviciosa,G200,10.0,23.154299823570536,199.79951690821255,22.11642512077295,16.52705314009662,96.0,2.1999999999999993,6.0,150.0,225.0,272.0,89,15231.22299135379,0
Villaviciosa,G200,10.0,18.883361788435355,199.79951690821255,22.11642512077295,16.52705314009662,96.0,2.1999999999999993,6.0,150.0,225.0,272.0,154,21309.394791736202,0
Villaviciosa,G300,10.0,15.879863015933392,199.79951690821255,22.11642512077295,16.52705314009662,96.0,2.1999999999999993,6.0,150.0,225.0,272.0,118,17478.607860182827,0
Villaviciosa,G200,10.0,19.283725092720008,199.79951690821255,22.11642512077295,16.52705314009662,96.0,2.1999999999999993,6.0,150.0,225.0,272.0,154,21502.79281668901,1
Villaviciosa,A400,10.0,21.357114337820164,199.79951690821255,22.11642512077295,16.52705314009662,96.0,2.1999999999999993,6.0,150.0,225.0,272.0,98,18709.60137433649,0
